企业app是什么,basic_profile
机关团体可以签约协定存款么,other|kyp
对公账户能开短信通知功能吗,other|kyp
保函闪电开流程,kyp
理想汽车在我行产品使用情况,cmb_products_held
理想汽车产品持有情况,cmb_products_held
理想汽车基本情况,basic_profile
理想汽车公司的产品持有情况,cmb_products_held
理想汽车产品使用情况,cmb_products_held
理想汽车的产品持有情况,cmb_products_held
理想汽车在我行的产品使用情况,cmb_products_held
理想汽车的基本情况,basic_profile
在我行的产品使用情况,cmb_products_held
比亚迪基本概况,basic_profile
比亚迪收入,total_incoming
打回单对账单,other|kyp
比亚迪的存款信息,customer_deposits
比亚迪的基本信息,basic_profile
阿里巴巴的基本信息,basic_profile
屈臣氏的持有产品,cmb_products_held
阿里巴巴在我行持有的产品,cmb_products_held
华为的持有产品,cmb_products_held
小米科技的存款,customer_deposits
屈臣氏的行业,customer_industry
安琪酵母的年日均存款,annual_avg_deposit_and_change
中兴通讯的年日均存款是多少,annual_avg_deposit_and_change
中兴通讯的日均存款,annual_avg_deposit_and_change
介绍下安琪酵母,basic_profile
介绍下保函,basic_profile
介绍下屈臣氏,basic_profile
介绍一下财资管理云,basic_profile
屈臣氏结算情况,customer_settlement
屈臣氏的存款,customer_deposits
比亚迪谱系客户,lineage_customers_name_quantity
比亚迪的谱系客户在招行开户情况,lineage_customers_with_cmb
比亚迪谱系客户开户,lineage_customers_with_cmb
比亚迪结算,customer_settlement
比亚迪进帐,total_incoming
比亚迪交易对手进帐,top_5_incoming_partners
比亚迪月末时点,month_end_deposit_changes
中兴通讯股份有限公司,slot_filling
中兴通讯在我行的日均存款,annual_avg_deposit_and_change
比亚迪的主要交易对手,top_5_partners
中兴通讯在我行的主要交易对手,top_5_partners
中兴通讯在我行得主要交易对手,top_5_partners
比亚迪有贷款吗,customer_loans
云直联的产品优势是?,kyp
薪福通网址,other
招企贷款项怎么支付?,other|kyp
招企贷怎么提款,other|kyp
内蒙古华坤实业有限公司招企贷,other
招企贷提款,other
交易管家怎么开通,kyp
比亚迪的结算概括,customer_settlement
比亚迪的交易进账对手,top_5_incoming_partners
比亚迪推荐什么产品,product_rec
你好,chitchat
组合存款,other|slot_filling
出口方向客户应该推荐什么产品,product_rec
协定存款协议查询,other
网银转账时间,other
转账时间,other
网银打印承兑明细,other
单位公积金可以个人转账吗?,other
中兴通讯在我行的主要交易对手,top_5_partners
中兴通讯在我行的日均存款是多少,annual_avg_deposit_and_change
比亚迪月末实点,month_end_deposit_changes
比亚迪交易对手进账,top_5_incoming_partners
比亚迪交易对手出账,top_5_outgoing_partners
比亚迪的交易对手,top_5_partners
比亚迪的进出账,customer_settlement
比亚迪非同名进账/出账对手,top_5_counterparties
比亚迪的进账,total_incoming
比亚迪的谱系客户开户情况,lineage_customers_with_cmb
比亚迪股份有限公司,slot_filling
比亚迪年日均存款,annual_avg_deposit_and_change
海鸥期权简介,basic_profile
中泰期货简介,basic_profile
介绍下中泰期货,basic_profile
介绍下海鸥期权,basic_profile
中泰期货的主要行业,customer_industry
海鸥期权的主要行业,customer_industry
企业app介绍,basic_profile
企业网银介绍,basic_profile
移动支付优势,kyp
财资云营销话术,kyp
帮我生成资产管理云标准版营销话术,kyp
深圳市万加科技有限公司的存款信息,customer_deposits
该公司的存款信息,customer_deposits
深圳市万加科技有限公司基本情况,basic_profile
比亚迪在我行产品,cmb_products_held
比亚迪在我行的产品,cmb_products_held
反馈,chitchat|other
境外因公汇款怎么办,kyp
胖东来,slot_filling
胖东来的公司全称,basic_profile
人工,other
汇款费用,other
划款费用,other
转账手续费,other
收费标准,other
比亚迪有没有贷款,customer_loans
比亚迪在我行有多少授信,other
结构性存款营销话术,kyp
结构性存款,slot_filling
招捷贷,slot_filling
怎么开保函,kyp
网银转账限额,other
转账限额查询,other
请帮我生成财资管理云标准版营销话术,kyp
腾讯的谱系客户,lineage_customers_name_quantity
请问深圳中银证券在我行的结算情况,customer_settlement
屈臣氏的谱系客户开户,lineage_customers_with_cmb
请问深圳市中银证券的谱系公司有哪些,lineage_customers_name_quantity
华为的谱系客户,lineage_customers_name_quantity
介绍下聚合收款,basic_profile
屈臣氏适合推荐哪些产品,product_rec
屈臣氏有贷款吗,customer_loans
海鸥期权是什么,basic_profile|kyp
网银转账手续费,other
介绍下财资管理云,basic_profile
怎样在网银申请贷款利息的发票,other
怎样在网银申请贷款利息的发要,other
屈臣氏的谱系客户,lineage_customers_name_quantity
比亚迪的谱系客户,lineage_customers_name_quantity
资信证明类型有哪些,other|kyp
网银申请资信证明,other|kyp
企业征信报告有中英文版吗,other
网银查流水,other
汇入汇款,slot_filling
通知存款怎么办理,kyp
客户在网银上确认线上流贷提款,other
手机银行申请发票云,other
电子询证函,other|slot_filling
网银提款确认,other
征信线上查询流程,other
如何查询企业征信,other
征信查询,other
客户使用金蝶云星辰系统，可以开直联吗,other
客户使用九恒星系统，可以开SaaS直联吗,other
新经济行业开过云直联的客户案例,kyp
九牧王,slot_filling
钉钉,slot_filling
九牧王的年日均存款,annual_avg_deposit_and_change
九牧王股份有限公司开过直联吗,cmb_products_held
九牧王开过直联嘛,cmb_products_held
怎么开直联,kyp
客户在用金蝶系统，营销话术是什么?,kyp
我在用钉钉OA审批，可以连银行嘛,other
银企直连是什么,kyp|basic_profile
银企直联是什么?,kyp|basic_profile
开立手续费发票,other
开发票,other
发票云营销话术,kyp
融资租赁,other|slot_filling
开基本户要多久,other
用户编号,other
对账流程,other
网银调额,other
承兑显示已承兑已锁定状态,other
集团网银,slot_filling
上海车床公司的谱系公司有哪些?,lineage_customers_name_quantity
它的谱系企业有哪些?,lineage_customers_name_quantity
上海车床的日均存款是多少?,annual_avg_deposit_and_change
许昌市胖东来,slot_filling
胖东来商贸集团公司,slot_filling
广州屈臣氏个人日用品,slot_filling
广州屈臣氏是否有贷款,customer_loans
州屈臣氏是否有贷款,customer_loans
反馈,other
请问深圳市中银证券的谱系公司有哪些？,lineage_customers_name_quantity
激活网银,kyp|other
招企贷测额扫什么码,other
客户在哪里可以模拟发票云场景啊,other
汇出汇款手续费,other
左岸图文制作有限公司,slot_filling
企业app体验地址,kyp
产品体验,kyp
模拟银行,other|slot_filling
特色专区,other|slot_filling
云直联的产品优势是？,kyp
政采贷,slot_filling
什么是销售云？,kyp|basic_profile
崔易怎么样,other
销户资料,other
极速付开通,kyp
移动支付优惠活动,other
协定存款功能介绍,kyp|basic_profile
协定存款介绍,kyp|basic_profile
网银代发功能开通,kyp
代发功能开通,kyp
如何开资信证明,other
转账费用,other
转账,other
网银上传财务报表,other
撤回操作流程,other|kyp
贴现申请撤回,other
打印征信报告,other
移动代发办理流程,kyp
移动代发操作,kyp
移动代发配置,kyp
企业APP移动代发配置,kyp
联系客户，配置移动代发,other
企业征信查询,other
银企直连产品营销话术,kyp
你好,chitchat
银企直连,slot_filling
记账宝,slot_filling
交易管家,slot_filling
安琪酵母的结算情况,customer_settlement
比亚迪的结算情况,customer_settlement
银行账户机构迁移,other
广西旅发酒店集团有限公司,slot_filling
电子询证函网银授权,other
承兑合同,slot_filling
网银跨境汇出汇款功能开通,kyp
网银跨境汇出汇款,slot_filling
插入网银时，提示：您证书已设置好密码，但未下载证书,other
u盾密码忘了怎么办,other
帮我分析下比亚迪股份有限公司,basic_profile
网银设置业务审批模式,other
自贸金融招行服务方案,kyp
客户端电子承兑汇票如何托收,other
定期1年利率,other
对公定期存款利率,other
托管户转账资料,other
查看屈臣氏的基本情況,basic_profile
给北京声智公司推荐产品,product_rec
理想汽车的结算情况,customer_settlement
屈臣氏的基本情况,basic_profile
企业APP里怎么看电子回单在哪,other
看电子回单,other
招企贷办理流程,kyp
招企贷付款怎么设置经办和复核,other
招企贷付款可以设置成经办和复核吗,other
招企贷付款的话能有电子回单吗,other
申请贴现手续费发票,other|kyp
申请发票,other
薪福通中如何发起个税审批 就是和工资那个关联,other
网银查询征信,other
帮北京声智推荐产品,product_rec
网银跨行转账手续费,other
网银费用,other
境内资金池怎么开通,kyp
资金归集怎么办理,kyp
保函的办理流程,kyp
保函的优势,kyp
银行承兑多久不接受能退回,other
银承票据多久不接受会自动退回,other
银承票据大概多久可以自动退回,other
比亚迪股份有限公司推荐产品,product_rec
比亚迪股份有限公司推荐产品有什么可以推荐的产品,product_rec
有什么可以推荐的产品,product_rec
给xx推荐产品,product_rec
比亚迪公司基本信息,basic_profile
给文诗推荐产品,product_rec
给明推荐产品,product_rec
给小明推荐产品,product_rec
给乔峰推荐产品,product_rec
给比亚迪推荐产品,product_rec
企业网银基本信息,basic_profile
给他推荐产品,product_rec
四川成都,slot_filling
华沩科技,slot_filling
APP自助结汇的办理材料,kyp
给推荐产品,product_rec
APP自助结汇,slot_filling
给智能费控推荐产品,product_rec
APP自助结汇的办理木,kyp
比亚迪公司好贵啊,other|chitchat
比亚迪,slot_filling
比亚迪好贵啊,other|chitchat
比亚迪来咯,slot_filling
比亚迪生产线,other|chitchat
智能费控,slot_filling
AKA基本信息,basic_profile
智能费控公司,slot_filling
智能费控公司基本信息,basic_profile
你好基本信息,basic_profile
股票质押基本信息,kyp|basic_profile
智能费控基本信息,kyp|basic_profile
你好产品推荐,product_rec
你好啊产品推荐,product_rec
智能费控基本信息,basic_profile
商票开票基本信息,basic_profile
销售云基本信息,basic_profile
政采贷基本信息,basic_profile
深圳瑞乾科技公司基本信息,basic_profile
深圳瑞乾科技,slot_filling
深圳瑞乾科技基本信息,basic_profile
医保贷基本信息,basic_profile
个税服务基本信息,basic_profile
网上支付基本信息,basic_profile
网上代发基本信息,basic_profile
深圳瑞乾科技基本情况,basic_profile
深圳瑞乾科技存款,customer_deposits
深圳瑞乾科技公司存款,customer_deposits
比亚迪公司,slot_filling
深圳瑞乾科技公司产品推荐,product_rec
深圳瑞乾科技产品推荐,product_rec
比亚迪基本信息,basic_profile
上海中梁企业发展有限公司,slot_filling
上海中梁企业发展有限公司基本信息,basic_profile
江苏心电互动汽车销售服务有限公司,slot_filling
江苏心电互动汽车销售服务有限公司基本信息,basic_profile
瑞乾科技公司基本信息,basic_profile
瑞乾科技基本信息,basic_profile
给阿里推荐产品,product_rec
广州润铂晟信息技术有限公司,slot_filling
广州润铂晟信息技术有限公司结算,customer_settlement
企业红包产品所属部门,customer_institution
广州润铂晟信息技术有限公司,slot_filling
广州润铂晟信息技术有限公司基本情况,basic_profile
企业红包办理流程,kyp
企业红包产品,kyp
企业红包产品介绍,kyp|basic_profile
广州润铂晟信息技术有限公司存款,customer_deposits
财资管理云,slot_filling
财资管理云产品介绍,kyp|basic_profile
云直联,slot_filling
广州润铂晟信息技术有限公司产品推荐,product_rec
财资管理云,slot_filling
财资管理云基本信息,kyp|basic_profile
深圳瑞乾非同名出账对手,top_5_outgoing_counterparties
深圳瑞乾公司非同名出账对手,top_5_outgoing_counterparties
深圳瑞乾,slot_filling
深圳瑞乾非同名出账金额,non_identified_outgoing
深圳瑞乾科技,slot_filling
深圳瑞乾公司客户结算概况,customer_settlement
深圳瑞乾客户结算概况,customer_settlement
深圳瑞乾非同名进账金额,non_identified_incoming
深圳瑞乾五大交易对手进账,top_5_incoming_partners
深圳瑞乾公司五大交易对手进账,top_5_incoming_partners
深圳瑞乾五大交易对手出账,top_5_outgoing_partners
深圳瑞乾公司五大交易对手出账,top_5_outgoing_partners
比亚迪公司的基本信息,basic_profile
深圳瑞乾公司非同名出账金额,non_identified_outgoing
给深圳瑞乾科技公司推荐产品,product_rec
给深圳瑞乾科技推荐产品,product_rec
江苏心电互动汽车销售服务有限公司产品推荐,product_rec
维维豆奶公司产品推荐,product_rec
维维豆奶,slot_filling
维维豆奶产品推荐,product_rec
强哥产品推荐,product_rec
豆浆粉产品推荐,other
银杏树产品推荐,product_rec
你好啊,chitchat
深圳瑞乾科技公司非同名进账对手top5,top_5_incoming_counterparties
深圳瑞乾科技非同名进账对手top5,top_5_incoming_counterparties
比亚迪公司存款,customer_deposits
tie,chitchat|other
比亚迪存款,customer_deposits
深圳瑞乾科技公司存款概况,customer_deposits
深圳瑞乾科技存款概况,customer_deposits
深圳瑞乾科技公司,slot_filling
深圳市瑞鸿乾公司,slot_filling
深圳市瑞鸿乾,slot_filling
财资管理云,slot_filling
财资管理云的办理材料,kyp
深圳乾瑞科技公司存款概况,customer_deposits
深圳乾瑞科技,slot_filling
深圳乾瑞科技存款概况,customer_deposits
企业网银,slot_filling
财资管理云的产品介绍,kyp|basic_profile
广州润铂晟公司持有招行什么产品,cmb_products_held
广州润铂晟,slot_filling
广州润铂晟持有招行什么产品,cmb_products_held
中建四局安装公司推荐什么产品,product_rec
中建四局安装,slot_filling
中建四局安装推荐什么产品,product_rec
Lia,chitchat|slot_filling
比亚迪公司,slot_filling
企业网银基本信息,kyp|basic_profile
华公司基础信息,basic_profile
华为基础信息,basic_profile
比亚迪产品推荐,product_rec
Elia,chitchat|slot_filling
什么是股票质押,kyp|basic_profile
广州润铂晟结算概况,customer_settlement
广州润铂晟公司结算概况,customer_settlement
广州润铂晟存款概况,customer_deposits
你是干嘛的啊,chitchat
猴赛雷啊,slot_filling
广州润铂晟公司存款概况,customer_deposits
广州润铂晟公司,slot_filling
比亚迪啊,slot_filling
中建四局公司基本信息,basic_profile
中建四局,slot_filling
中建四局基本信息,basic_profile
可以给中建四局推荐什么产品,product_rec
可以给中建四局安装推荐什么产品,product_rec
广州润铂晟信息技术有限公司基本信息,basic_profile
介绍一下财资管理云,kyp|basic_profile
云直联,slot_filling
广州润铂晟公司的存款信息,customer_deposits
广州润铂晟的存款信息,customer_deposits
中建四局安装公司,slot_filling
云直联的产品优势是,kyp
小米科技的所属分行,customer_institution
华润是重点客户吗,key_account_status
重庆理想汽车贷款情况,customer_loans
北京声智适合那些产品,product_rec
生成国内信用证开证的营销话术,kyp
国内信用证的办理流程,kyp
国内信用证开证的办理流程,kyp
屈臣氏公司的存款情况,customer_deposits
企业网银激活,kyp|other
网银代发手续费,kyp|other
定期转活期,slot_filling
协定存款,slot_filling
我行协定存款利率,other
流动资金贷款,slot_filling
开户,other
青岛金欧利营销有限公司,slot_filling
中国船舶集团青岛北海造船有限公司,slot_filling
代发工资,slot_filling
薪福通注册流程,kyp
怎么将客户转为可信客户,other
银行承兑汇票到期，怎么兑付,other
薪福通代发优势,kyp
薪福通代发营销话术,kyp
产品一点通是什么,other
cbs出现交易明细重复怎么办,other
cbs是什么,basic_profile
聚合收款是什么,basic_profile
什么给客户申请聚合收款,kyp|other
财资管理云是什么,basic_profile
票据模块有什么功能,kyp
5+6等于几,other
电子单证操作流程,kyp
结构性存款 抵押,kyp|other
协定存款开通,kyp
政采贷,slot_filling
单位账户开户,other
四必做,other
网银激活步骤,kyp
高票云,slot_filling
发票云,slot_filling
发票云营销提示,kyp
预约,other
对公短期理财,slot_filling|kyp
有逾期还款记录还能测招企贷吗,other
企业法人有逾期还款记录会影响招企贷申请吗,other
如何设置进出帐短信提醒,other|kyp
如何设置短信提醒,other|kyp
你好 财务管理下面的收银台和收银台标准版是一个东西还是两个东西？,other
行员认证,other
薪福通注册,kyp
超级用户加入企业,other
网银查询征信,other|kyp
薪福通中如何发起个税审批 就是和工资那个关联,other|kyp
申请发票,other|kyp
申请贴现手续费发票,other|kyp
在哪看电子回单,other|kyp
企业APP里怎么看电子回单,other|kyp
CBS协议在哪下载,other|kyp
财资管理云标准版与企业版的区别,other|kyp
生成一个财资管理云专业版的宣传,kyp
CBS8支持多少家银行直联,other|kyp
CBS8支持微信对接吗,other|kyp
CBS支持支付宝对接吗,other|kyp
CBS有多少个版本,other|kyp
监管户可以设置代发工资吗？,other|kyp
CBS有金融类企业的案例吗,kyp
云直联记账子单元的场景,other
联动代发,slot_filling
集团代发,slot_filling
查看屈臣氏的基本情况,basic_profile
代销信托的产品介绍和一句话描述,kyp|basic_profile
OA审批的产品介绍,kyp|basic_profile
OA审批的办理流程,kyp
保函闪电开的产品介绍,kyp|basic_profile
发票云和销售云的区别,other
付款产品有哪些,kyp
支付产品有哪些,kyp
什么是销售云？,kyp|basic_profile
介绍下发票云,kyp|basic_profile
发票云薪福通的办理流程,kyp
oa审批办理材料,kyp
oa审批办理流程,kyp
oa审批的办理材料,kyp
企业名篇的优势,kyp
云直联的一句话描述,kyp|basic_profile
网银代发设置审批流,other|kyp
网银管理员,other|slot_filling
网银管理员分别时间,other|kyp
网银管理员分别是什么,other|kyp
财资管理云的收费,other
随心展优惠券,other|kyp
随心展优惠券如何领取？,other|kyp
双货币,slot_filling
代发协议,slot_filling|other
代发协议签订,kyp|other
代发协议签订流程,kyp|other
全面一次性奖金用什么代发协议？,kyp|other
票据服务方案,kyp
保函手续费,other|kyp
代发回单,other|kyp
代发明细,other|kyp
代发明细查询,other|kyp
什么是数字人民币,kyp|basic_profile
数字人民币可以转普通账户吗,other|kyp
财资云是个什么类型客户？,kyp
有哪些客户特征？,basic_profile
财智云营销客户的话是会主要找哪一些类型客户？,kyp
我要营销一个消费行业的集团客户，有没有营销材料推荐？,product_rec
离岸信用证,other|slot_filling
司库适合什么类型客户？招行有司库方案吗？,kyp
薪福社添加新管理员流程,other|kyp
他有什么优势,kyp
它的所属部门是啥,customer_institution
招链易贷,slot_filling
oa审批的办理流程,kyp
国内非融资保函是啥,basic_profile|kyp
ipo上市产品介绍,basic_profile|kyp
网上企业银行的介绍,basic_profile|kyp
发票云的产品介绍,basic_profile|kyp
发票云是啥！,basic_profile|kyp
发票云是什么,basic_profile|kyp
发票云薪福通的一句话描述,kyp|basic_profile
请介绍下发票云,basic_profile|kyp
汇出汇入的一句话描述,basic_profile|kyp
招企贷的一句话描述,basic_profile|kyp
招企代的一句话描述,basic_profile|kyp
医票同的办理材料,kyp
医票同的产品介绍,basic_profile
oa审批的营销话术,kyp
到账通知的产品优势,kyp
财资管理员专业版的优势,kyp
转账手续费率,other
查询企业征信,other
无法查询企业征信,other
网银登陆不了,other
网银使用不了,other
协定存款,slot_filling
招企贷,slot_filling
给比亚迪推荐什么产品,product_rec
我行票据相关产品有哪些,kyp
网银如何打印回单,other
财资管理云适合比亚迪公司吗？,kyp
财资管理云的开通流程,kyp
企业网银简介,kyp|basic_profile
财资管理云营销话术,kyp
企业网银优势,kyp
财资管理云的优势,kyp
我行有哪些票据产品,kyp
我行有哪些结算类产品,kyp
比亚迪的谱系客户有哪些,lineage_customers_name_quantity
介绍下薪福通,basic_profile
它的营销话术呢,kyp
比亚迪是授信客户吗,other
财资管理云适合比亚迪吗,kyp|other
企业app的简介,kyp|basic_profile
企业app的办理流程,kyp
给百度推荐什么产品,product_rec
企业APP是什么,kyp|basic_profile
那它的优势是什么,kyp
我问的是企业APP的产品优势,kyp
企业APP的产品优势,kyp
企业APP的优势,kyp
企业APP的办理流程,kyp
企业App的产品介绍,basic_profile|kyp
预约客服,other
网银如何变更股东信息,other
网银端发起变更,other
招企贷的营销话术,kyp
招企贷的还款方式,other
企业APP的产品介绍,basic_profile|kyp
结构性存款功能开通,kyp
增加短信到账通知,kyp
打印回单,other
自助回单机,other
回单,other
自助打印,other
新一代票据大管家,slot_filling|kyp
代发协议限额,other
转账费用,other
收银台话术,kyp
商票通简介,basic_profile|kyp
企业APP简介,basic_profile|kyp
美元定期存款提前支取有没有收益？,other
在岸美元定期提前支取,other
转定期,other
开通协定存款步骤,kyp
网银开通,kyp
客户确认流贷提款后，多久能到账,other
理财,slot_filling
汇出汇款简介,basic_profile|kyp
成都建工存款数据,customer_deposits
汇出汇款简介,basic_profile|kyp
给成都建工推荐什么产品呢,product_rec
企业app简介,basic_profile|kyp
云直联的产品优势,kyp
美的集团结算数据,customer_settlement
付款代理简介,basic_profile|kyp
请介绍一下付款代理,basic_profile|kyp
如何办理付款代理,kyp
付款代理办理流程,kyp
付款代理的分类,kyp?
数字人民币钱包的办理流程是什么,kyp
数字人民币对公钱包办理材料,kyp
数字人民币对公钱包的办理材料是什么,kyp
企业app优势是什么,kyp
企业网银的优势,kyp
企业app的简介,basic_profile|kyp
企业App简介,basic_profile|kyp
企业App的优势,kyp
企业App的简介,basic_profile|kyp
企业app的优势,kyp
销售云的优势是什么,kyp
比亚迪的存款,customer_deposits
发票云的产品介绍,basic_profile|kyp
自助结汇的办理流程,kyp
APP自助结汇的一句话描述,basic_profile|kyp
发票云的介绍,basic_profile|kyp
发票管理服务呢,slot_filling
发票云一发票管理服务,slot_filling
发票云一发票管理服务介绍,basic_profile|kyp
招企贷招企贷测额会查征信吗,other
变更注册资金需要什么资料,other
电子询证函,slot_filling|other
成都成都,other|slot_filling
比亚迪公司的月日均存款,annual_avg_deposit_and_change
安琪酵母,slot_filling
您好，,chitchat
比亚迪公司的交易,customer_settlement
该公司的财资云信息,other|kyp
合肥轨交,slot_filling
合肥轨交的谱系信息,lineage_customers_name_quantity
手机银行转账有优惠吗,other
腾讯科技有限公司,slot_filling
湖北省宏泰集团基本情况,basic_profile
湖北宏泰公司,slot_filling
一张发票可以关联多笔费用吗,other
在智能会空中同一张发票可以关联多笔费用。,other
企业红包可以发其他银行卡吗,other
数字人民币的营销话术,kyp
数字人民币对公钱包的一句话描述,kyp|basic_profile
保函的办理材料,kyp
智能算薪的办理流程,kyp
贴现通的办理流程,kyp
贴现通的相关案例,kyp
app自助结汇的产品介绍,basic_profile|kyp
数字人民币对公钱包的介绍,basic_profile
数字人民币的一句话描述,basic_profile|kyp
数字人民币对公钱包的优势,kyp
数字人民币对公钱包的办理材料,kyp
数字人民币的产品介绍,basic_profile|kyp
企业APP简介,basic_profile|kyp
企业app的产品介绍,basic_profile|kyp
它的办理流程,kyp
ubank是什么,basic_profile|kyp
u-bank介绍下,basic_profile|kyp
网上代发是什么,basic_profile|kyp
网上企业银行是什么,basic_profile|kyp
UBank优势是什么,kyp
企业网银怎么办理,kyp
企业app的优势是什么,kyp
企业app简介,basic_profile|kyp
ubank的产品介绍,basic_profile|kyp
企业app,slot_filling
发票云是啥,basic_profile
你是基于哪个发票云产品回答的呢,other
没有ukey可以在网上银行转账吗,other
移动代发的办理流程是什么,kyp
移动代发的办理流程,kyp
代发的办理流程是什么,kyp
安琪酵母股份有限公司,slot_filling
开承兑汇票操作,kyp
开银行承兑汇票操作,kyp
招企贷还款期限,other
招企贷还款,other
请问在哪里做行员认证,other
一键生成跨境人民币收付款说明流程,other
跨境人民币汇入汇款确认,other
swift,other
招商银行SWIFT代码,other
征信授权,other
企业征信,other
查询不到待签收的票据,other
修改网银密码,other
定期利率,other
存款利率,other
大额存单利率,other
推荐几个产品,product_rec
给这个公司推荐我行的产品,product_rec
给它推荐我们的产品,product_rec
给这个公司推荐产品,product_rec
有什么产品可以推荐给他们,product_rec
比亚迪还能开通什么产品,product_rec
基于现有信息，适合给比亚迪营销什么产品,product_rec
比亚迪在我行的非同名交易对手进账情况,top_5_incoming_counterparties
比亚迪交易对手中非同名进账的情况,top_5_incoming_counterparties
广州润铂晟信息技术有限公司 存款额,customer_deposits
广州润铂晟信息技术有限公司 实点存款,customer_deposits
广州润铂晟信息技术有限公司 存款账结余,month_end_deposit_changes
广州润铂晟信息技术有限公司 流水收款,total_incoming
广州润铂晟信息技术有限公司 紧张总金额,total_incoming
广州润铂晟信息技术有限公司 支出,total_outgoing
广州润铂晟信息技术有限公司 流水付款,total_outgoing
广州润铂晟信息技术有限公司 出账前5,top_5_outgoing_partners
广州润铂晟信息技术有限公司管理,customer_management
中建四局安装工程有限公司 有哪些产品,cmb_products_held
中建四局安装工程有限公司 有啥产品,cmb_products_held
中建四局安装工程有限公司 买了什么产品,cmb_products_held
广州润铂晟信息技术有限公司 入账 前五,top_5_incoming_partners
广州润铂晟信息技术有限公司 收款 前5名,top_5_incoming_partners
广州润铂晟信息技术有限公司 付款前5,top_5_outgoing_partners
广州润铂晟信息技术有限公司关联公司开户,lineage_customers_with_cmb
广州润铂晟信息技术有限公司 非同名进账方,top_5_incoming_counterparties
广州润铂晟信息技术有限公司 不同名的对手,top_5_counterparties
广州润铂晟信息技术有限公司 非同名交易前5名,top_5_counterparties
广州润铂晟信息技术有限公司 非同名进账金额前5名,top_5_incoming_counterparties
广州润铂晟信息技术有限公司 非同名出账金额前5名,top_5_outgoing_counterparties
薪福通 适用对象,kyp
适用对象,kyp
薪福通 案例,kyp
案例,kyp
薪福通 快速入门,kyp
薪福通 在线试用,kyp
优势,kyp
优势呢,kyp
基本情况,basic_profile
它对存款信息,customer_deposits
所属主要行业,customer_industry
相关案例,kyp
竞品呢,kyp
竞品分析,kyp
营销话术,kyp
办理流程,kyp
办理材料,kyp
快速入门,kyp
在线试用,kyp
试用,kyp
广州润铂晟信息技术有限公司 非同名进账方TOP5,top_5_incoming_counterparties
核保要求,other|kyp
核保要求,other|kyp
核保,other|slot_filling
如何生成收集员工卡号的二维码,other|kyp
如何生成收集员工卡号的二维码,other|kyp
科创贷海报,kyp|other
科创贷海报,kyp|other
科创贷,slot_filling
代发明细,other|kyp
代发明细,other|kyp
保函闪电开超过三千万怎么办,other|kyp
保函闪电开超过三千万怎么办,other|kyp
保函闪电开操过三千万如何办,other|kyp
保函闪电开操过三千万如何办,other|kyp
保函闪电开有没有金额限制,other|kyp
保函闪电开有没有金额限制,other|kyp
保证金闪电开是否需要线下审查,other|kyp
保证金闪电开是否需要线下审查,other|kyp
保函闪电开保证金如何收取,other|kyp
保函闪电开保证金如何收取,other|kyp
保证金如何收取保证金如何收取,other|kyp
闪电开操作流程,kyp
是,positive
履约保函闪电开,other|kyp
云直联的产品优势是？,kyp
C+组合套餐网银签协议流程,other|kyp
C+组合套餐网银签协议流程,other|kyp
'C+组合A套餐的定义,kyp|basic_profile
C+组合,slot_filling|basic_profile|kyp
开通对公短信提醒,other|kyp
开通对公短信提醒,other|kyp
公司公管账户介绍,slot_filling|basic_profile|kyp
比亚迪汽车需要我们什么产品,product_rec
客户存款利率客户存款利率,other
企业网银对账单是随时都可以打印吗,other
企业网银对账单是随时都可以打印吗,other
是随时都可以打吗,other
是随时都可以打吗,other
企业网银对账单,other
开户清单,other
开户清单,other
招商银行官网,other
招商银行官网,other
招企贷测额,other
招企贷测额,other
产品内容,kyp|basic_profile
产品内容,kyp|basic_profile
招链易贷,slot_filling
云智联和银企直联有什么关系？,other
保函的办理流程是？,kyp
收银台话术,kyp
是,positive
比亚迪汽车的金融服务方案,product_rec
比亚迪汽车在我行产品使用情况,cmb_products_held
在我行产品使用情况,cmb_products_held
比亚迪汽车,slot_filling
云直联的产品优势是？,kyp
产品一点通有PC版吗,other
产品一点通有PC版吗,other
PC版,other
招企贷客户测额流程,other|kyp
招企贷客户测额流程,other|kyp
客户流程,other|kyp
招企贷,slot_filling
有没有产品概览图,other|basic_profile
个人手机银行转账手续费,other
个人手机银行转账手续费,other
线上流贷,slot_filling
流动资金贷款,slot_filling
招银闪承,slot_filling
承兑到期提示付款,other
承兑到期提示付款,other
流水回单,customer_settlement
银行流水回单怎么打印,other
没接到客服电话,other
没接到客服电话,other
没接到,other
请向客户介绍收款通（代缴）产品，并举个例子,kyp
产品优势,kyp
e餐通,kyp|slot_filling
主要做什么,customer_industry
企业收银台,slot_filling
网银一般用户的u盾坏了,other|kyp
网银一般用户的u盾坏了,other|kyp
如何在网银上购买定期,other|kyp
如何在网银上购买定期,other|kyp
承兑汇票查询,kyp|other
承兑汇票查询,kyp|other
如何签收承兑汇票,kyp|other
如何签收承兑汇票,kyp|other
普惠评级无法发起,other
普惠评级无法发起,other
普惠,slot_filling
普惠,slot_filling
薪福通登陆手机号如何变更,other
薪福通登陆手机号如何变更,other
新福通手机号如何变更,other
新福通手机号如何变更,other
薪福通手机号如何变更,other
薪福通手机号如何变更,other
到账通知数量上限,other
到账通知数量上限,other
到账通知最多给多少员工发送通知,other
到账通知最多给多少员工发送通知,other
是,positive
科技企业贷款,other
贷款,customer_loans
科技,slot_filling
自助开通短信动账提醒,other|kyp
企业app手机号修改,other
企业app手机号修改,other
网银关闭企业智能通知存款,other
网银关闭企业智能通知存款,other
如何开通协定存款,kyp
已被其他人注册,other
已被其他人注册,other
薪福通,slot_filling
离职了怎么办,other|chitchat
员工不干了,other|chitchat
员工离职了,other|chitchat
薪福通别其他员工注册过了怎么办？,other
薪福通别其他员工注册过了怎么办？,other
期汇通产品信息,kyp|basic_profile
期汇通,slot_filling
转账手续费,other
转账手续费,other
网银支付手续费怎么收取,other|kyp
网银支付手续费怎么收取,other|kyp
网银管理员信息变更怎么操作,other|kyp
网银管理员信息变更怎么操作,other|kyp
比亚迪适合推荐什么产品,product_rec
我想问天气,chitchat
今天天气怎么样,chitchat
介绍下组合存款A,basic_profile|kyp
介绍下组合存款,basic_profile|kyp
是哪个分行的客户呢,customer_institution
比亚迪呢,slot_filling
阿里巴巴的基本信息,basic_profile
云直联的产品优势是？,kyp
远程助手,slot_filling
对,positive
代扣代缴,slot_filling
是,positive
代扣代缴哦,slot_filling
云直联的产品优势是？,kyp
云直联的产品优势是？,kyp
是,positive
使用什么场景,other|kyp
验证码,other
验证码,other
是的,positive
内保外债,slot_filling
招捷贷,slot_filling
银承收票及贴现流程一,other|kyp
薪福通营销话术,kyp
B2B2C,other|slot_filling
自助结汇时间,other
自助结汇时间,other
请帮我生成财资管理云标准版营销话术,kyp
大额存单转让利息,kyp
大额存单转让利息,kyp
大额存单转让,kyp
保函的办理流程是？,kyp
详情,other|kyp|chitchat
联动代发,slot_filling
操作步骤,kyp
企业APP,slot_filling
竞品情况,kyp
利率,other
利率,other
贷款额度,other
简介,basic_profile
工业贷,slot_filling
财资管理云,slot_filling
发票云能查发票真假吗,other
发票云能查发票真假吗,other
它能查发票真假吗,other
它能查发票真假吗,other
那发票云呢？,slot_filling
适合哪些客户,kyp
财资管理云有什么好处,kyp
华为是不是我们的客户,lineage_customers_with_cmb
为什么我不能看啊,chitchat
为什么我不能看啊,chitchat
比亚迪公司开代发了吗,other|cmb_products_held
它适合哪些客户,kyp
薪福通是什么,basic_profile|kyp
那不申报提交就不需要银行审查？,other
那不申报提交就不需要银行审查？,other
给中建四局推荐什么产品,product_rec
云直联优势,kyp
中建四局基本情况,basic_profile
你好,chitchat
收汇网银确认了要落地银行处理吗？,other
收汇网银确认了要落地银行处理吗？,other
组合存款网银怎么开通,kyp
网银怎么修改登录密码,other
网银怎么修改登录密码,other
帮忙问下企业网银上购买定期存款，转成线下办理，需要什么材料吗,other
云直联的产品优势是？,kyp
比亚迪汽车有限公司金融服务方案,product_rec
比亚迪汽车用了我们什么产品,cmb_products_held
给军工企业推荐什么产品,product_rec
比亚迪汽车用了什么产品,cmb_products_held
营销,kyp
企业收银台,slot_filling
通知存款,slot_filling
云直联的产品优势是？,kyp
云直联的产品优势是？,kyp
云直联的产品优势是？,kyp
招企贷基本内容,basic_profile|kyp
利率,other
利率,other
招企贷,slot_filling
借款合同,slot_filling|other
比亚迪能配置什么产品？,product_rec
比亚迪配置了什么产品？,cmb_products_held
办理流程,kyp
财资管理云,slot_filling
云直联的产品优势是？,kyp
你好,chitchat
什么是销售云？,basic_profile|kyp
什么是销售云？,basic_profile|kyp
比亚迪汽车用了我们什么产品,cmb_products_held
什么是销售云？,basic_profile|kyp
请帮我生成财资管理云标准版营销话术,kyp
保函的办理流程是？,kyp
云直联的产品优势是？,kyp
保函的办理流程是？,kyp
云直联的产品优势是？,kyp
云直联的产品优势是？,kyp
请帮我生成财资管理云标准版营销话术,kyp
财资管理云,slot_filling
百一股财资管理云,other
财资管理云,slot_filling
我想知道发票云的开通流程,kyp
什么是销售云？,basic_profile|kyp
云直联的产品优势是？,kyp
云直联的产品优势是？,kyp
财资管理云,slot_filling
云直联的产品优势是？,kyp
什么是销售云？,basic_profile|kyp
云直联的产品优势是？,kyp
云直联的产品优势是？,kyp
保函的办理流程是？,kyp
我想知道发票云的开通流程,kyp
给中建四局安装工程推荐什么产品,product_rec
云直联是什么？,basic_profile|kyp
云直联的产品优势是？,kyp
云直联的产品优势是？,kyp
云直联的产品优势是？,kyp
比亚迪持有哪些产品,cmb_products_held
云直联的产品优势是？,kyp
财资管理云,slot_filling
我想知道发票云的开通流程,kyp
财资管理云,slot_filling
云直联,slot_filling
云直联,slot_filling
云直联的产品优势是？,kyp
云直联的产品优势是？,kyp
云直联的产品优势是？,kyp
云直联的产品优势是？,kyp
比亚迪汽车用了我们什么产品,cmb_products_held
财资管理云,slot_filling
云直联,slot_filling
云直联的产品优势是？,kyp
汇出汇款撤销,other
汇出汇款撤销,other
信用证保证金,slot_filling
信用证,slot_filling
开证议付流程,kyp
信用证,slot_filling
什么是销售云,basic_profile|kyp
薪福通资金用户,other
预约取号,other
预约取号,other
一扫贴,slot_filling
一扫贴,slot_filling
E餐通线上充值,other
缴费云,slot_filling
缴费云系统,slot_filling
云缴费,slot_filling
操作介绍,kyp
云缴费,slot_filling
超过5年的票据信息哪里查,other
超过5年的票据信息哪里查,other
比亚迪公司的年日均存款,annual_avg_deposit_and_change
比亚迪公司是否为高价值客户,top_client_status
比亚迪公司是否为高价值客户,top_client_status
是的,positive
为比亚迪推荐一下对公产品,product_rec
请问保函手续费收费标准在哪里能查到,other
请问保函手续费收费标准在哪里能查到,other
请问保函手续费在哪里可以看得到,other
请问保函手续费在哪里可以看得到,other
7天通知存款什么是提款期限,other
招企贷一般是几月期,other
招企贷一般是几月期,other
招企贷的还款模式,other
招企贷的还款模式,other
招企贷什么时候开始还款,other
招企贷什么时候开始还款,other
公司账户存款利率是多少,other
公司账户存款利率是多少,other
存款利率是多少,other
存款利率是多少,other
招企贷的贷款利率,other
招企贷的贷款利率,other
招企贷的贷款期限,other
招企贷的贷款期限,other
招企贷的适用对象,kyp
招企贷,slot_filling
什么是财资云,basic_profile|kyp
网银上完善涉诉信息,other
网银上完善涉诉信息,other
完善涉税信息登记,other|kyp
完善涉税信息登记,other|kyp
JY301030产品说明书,basic_profile|kyp
公司理财产品说明书,basic_profile|kyp
公司理财产品说明书,basic_profile|kyp
融资业务,slot_filling
融资业务在哪查看,other|kyp
融资业务在哪查看,other|kyp
办理pos收费标准,other|kyp
办理pos收费标准,other|kyp
网银开通电子工资单,other|kyp
政企贷,slot_filling
电子工资单如何开通,kyp|other
电子工资单,slot_filling
大额存单历史持仓查询,other
大额存单历史持仓查询,other
网银转账价格,other
网银转账价格,other
汇划手续费价格,other
汇划手续费价格,other
预约同屏互动,other|kyp
预约同屏互动,other|kyp
同屏互动,other|kyp
代发工资可以单管理员吗,other|kyp
代发工资可以单管理员吗,other|kyp
代发工资可以单管理员吗,other|kyp
代发工资可以单管理员吗,other|kyp
对公二维码操作,other|kyp
对公二维码产品,other|kyp
是的,positive
对公二维码生成,other|kyp
怎么往保证金账户转款,other|kyp
极速付有什么用,kyp
极速付,slot_filling
验证码,other
验证码,other
步骤,kyp
网银签约,other
结构性存款网银签约,kyp|other
网银激活,kyp|other
网银激活,kyp|other
协定存款,slot_filling
贷款调查中需要一看三查,other
贷款调查中需要一看三查,other
贷款一看三查指的是什么,other
贷款一看三查指的是什么,other
一看三查,other
云直连和SaaS直连的区别,other
云直连和SaaS直连的区别,other
SaaS银企直连,slot_filling
SaaS直连介绍,basic_profile|kyp
云直连介绍,basic_profile|kyp
薪福通,slot_filling
云直联的产品优势是？,kyp
什么是定增定增,basic_profile|kyp
请问纯信用贷款是什么意思,basic_profile|kyp
招捷贷,slot_filling
请问什么是招企贷,basic_profile|kyp
什么是销售云？,basic_profile|kyp
人+数字化的经营模式,slot_filling
智慧食堂,slot_filling
E餐通,slot_filling
E餐天,slot_filling
什么是销售云？,basic_profile|kyp
企业App产品介绍,basic_profile|kyp
产品介绍,basic_profile|kyp
企业APP,slot_filling
年日均存款金额,annual_avg_deposit_and_change
什么是付款代理,basic_profile
可以介绍一下吗,basic_profile
什么是薪福通资金用户。,basic_profile
什么是资金用户？,basic_profile
产品介绍,basic_profile
产品介绍,basic_profile
基本信息,basic_profile
保函闪电开是什么,basic_profile
巴奴火锅的基本信息,basic_profile
产品介绍,basic_profile
介绍下财资管理云,basic_profile
产品介绍,basic_profile
财资管理云产品介绍,basic_profile
什么是销售云？,basic_profile
产品介绍,basic_profile
科创贷产品介绍,basic_profile
产品信息,basic_profile
网银维护 国标 信息,basic_profile
国内信用证是什么,basic_profile
什么是即期信用证,basic_profile
招捷贷是什么贷款呢,basic_profile
成都建工基本概括,basic_profile
基本情况,basic_profile
成都建工的基本信息,basic_profile
什么是财资管理云,basic_profile
基本信息,basic_profile
期票业务介绍,basic_profile
中建四局基本情况,basic_profile
企业网银简介,basic_profile
成都建工的基本信息,basic_profile
全行服务一家介绍,basic_profile
他的基本信息,basic_profile
什么是销售云？,basic_profile
基本信息,basic_profile
产品介绍,basic_profile
产品介绍,basic_profile
什么是销售云？,basic_profile
什么是销售云？,basic_profile
网上企业银行的介绍,basic_profile
帮我介绍一下企业APP,basic_profile
什么是保理业务,basic_profile
1,chitchat
您好,chitchat
您好,chitchat
2,chitchat
你好,chitchat
是什么,chitchat
你好,chitchat
你好啊,chitchat
你好,chitchat
是的，想了解,positive
牛呀,chitchat
你好,chitchat
您好,chitchat
已经开通过哪些产品,cmb_products_held
产品使用情况,cmb_products_held
成都建工持有那些产品,cmb_products_held
给公司持有的我行产品,cmb_products_held
我的存款,chitchat
比亚迪的存款是多少,customer_deposits
有多少存款,customer_deposits
招银网络科技公司存款,customer_deposits
腾讯在我行存款,customer_deposits
所属分行,customer_institution
结算情况,customer_settlement
结算信息,customer_settlement
请帮我生成财资管理云标准版营销话术,kyp
云直联的产品优势是？,kyp
请帮我生成财资管理云标准版营销话术,kyp
手机可以网银代发工资嘛,kyp
请帮我生成财资管理云标准版营销话术,kyp
手机可以网银代发工资嘛,kyp
适用对象,kyp
产品要素,kyp
企业app上如何操作自助开通功能,kyp
代扣税签约的开通流程,kyp
产品优势,kyp
它有什么优势,kyp
保函的办理流程是？,kyp
网上代发优势,kyp
企业APP上如何开通代发工资,kyp
请帮我生成财资管理云标准版营销话术,kyp
云直联的产品优势是？,kyp
企业app开通代发工资,kyp
企业app开通代发工资,kyp
企业app如何开通代发工资?,kyp
企业APP上如何开通代发工资,kyp
企业app上如何操作自助开通功能,kyp
保函的办理流程是？,kyp
E餐通的服务策略,kyp
日常融资服务策略,kyp
签署国内信用证开证合作协议,kyp
即期信用证业务如何办理,kyp
网银适用什么行业,kyp|customer_industry
一键核实报关单,kyp
一键核实报关单,kyp
如何购买,kyp
签署国内信用证开证合作协议,kyp
如何购买,kyp
组合存款如何操作,kyp
组合存款如何操作,kyp
对客版本的宣传手册,kyp
对客版本的宣传手册,kyp
财资云宣传手册,kyp
C+存款签约流程,kyp
它有哪些相关案例,kyp
跨境业务服务的策略,kyp
项目贷款和固定资产贷款的区别,kyp
招商银行代发优势,kyp
民营企业日常运营服务策略,kyp
资本市场重大计划服务策略,kyp
内还服务方案,kyp
投融资业务经营策略,kyp
相关案例,kyp
如何为客户提供银承业务？,kyp
项目贷款和固定资产贷款的区别,kyp
如何为客户提供银承业务？,kyp
银承贴现怎么做？,kyp
承贴通业务怎么做,kyp
外环服务策略,kyp
党建云服务策略,kyp
客户生态共建和管理等方面的服务策略,kyp
怎么给客户管理和共建生态？,kyp
银承业务经营策略,kyp
手机可以网银代发工资嘛,kyp
资金池设置,kyp
企业app上如何开通代发工资,kyp
企业网银如何打回单,kyp
企业网银如何打回单,kyp
开通流程,kyp
有哪些功能,kyp
企业App开通转账功能,kyp
企业App开通转账功能,kyp
网银开通转账功能,kyp
网银开通转账功能,kyp
开通转账业务,kyp
企业app开通代发工资,kyp
企业app开通代发工资,kyp
保函的办理流程是？,kyp
请帮我生成财资管理云标准版营销话术,kyp
产品优势,kyp
腾讯的供应商有哪些,top_5_partners
相关案例,kyp
相关案例,kyp
保函的办理流程是？,kyp
保函的办理流程是？,kyp
薪福通考勤支持哪些打卡方式,kyp
薪福通考勤支持哪些打卡方式,kyp
财资管理云是资金管理系统吗,kyp
财资管理云是资金管理系统吗,kyp
是哪些产品,kyp
一键生成营销方案,kyp
客户推荐材料,product_rec
云直联的产品优势是？,kyp
云直联的产品优势是？,kyp
激活网银,kyp
请帮我生成财资管理云标准版营销话术,kyp
有哪些服务,kyp
客户推荐材料,kyp
一键一结一购是哪些产品,kyp
产品优势,kyp
云直联的产品优势是？,kyp
请帮我生成财资管理云标准版营销话术,kyp
请帮我生成财资管理云标准版营销话术,kyp
保函的办理流程是？,kyp
网银开通贴现通功能步骤,kyp
请帮我生成财资管理云标准版营销话术,kyp
薪福通营销话术,kyp
企业app开通代发工资,kyp
云直联的产品优势是？,kyp
不是。企业app上怎么开通代发工资?,other|kyp
怎么开,kyp
企业app开通代发工资,kyp
怎么开通,kyp
网银怎么开通代扣水电,kyp
设置薪福通代发,kyp
不是。企业app上怎么开通代发工资?,kyp
手机可以网银代发工资嘛,kyp
保函的办理流程是？,kyp
企业app如何开通代发工资,kyp
云直联的产品优势是？,kyp
云直联解决企业什么问题,kyp
薪福通发薪步骤,kyp
薪福通发薪明细步骤,kyp
开具保函,kyp
开具保函,kyp
云直联的产品优势是？,kyp
开具保函,kyp
财资管理云支付结算使用,kyp
薪福通智能费控目前可以支持什么方式对公支付,kyp
C+存款签约流程,kyp
薪福通智能费控目前可以支持什么方式对公支付,kyp
企业APP购买公司理财路径,kyp
企业APP购买公司理财路径,kyp
开具保函,kyp
C+存款签约流程,kyp
银承业务怎么做？,kyp
有什么案例可以参考,kyp
薪福通资金用户,kyp
代发报销款的操作步骤,kyp
代发报销款操作,kyp
薪福通资金用户的作用,kyp
代发报销款是用代发工资经办还是代发经办,kyp
薪福通免费使用吗,kyp
开立条件,kyp
怎么办理组合存款,kyp
请帮我生成财资管理云标准版营销话术,kyp
非融资性保函开立条件,kyp
云直连银行接入模式目前支持的软件平台,kyp
云直联的产品优势是？,kyp
融资性保函与非融资性保函区别,kyp
融资性保函与非融资性保函区别,kyp
组合存款可以找下办理吗,kyp
薪福通免费使用吗,kyp
企业数字化方案,kyp
集团网银开通,kyp
信用证议付与福费廷区别,kyp
C+存款签约流程,kyp
云直联的产品优势是？,kyp
营销话术,kyp
产品优势,kyp
如何办理保函,kyp
请帮我生成财资管理云标准版营销话术,kyp
影响话术,kyp
云直联的产品优势是？,kyp
组合存款A收费吗,kyp
组合存款A收费吗,kyp
招企贷的企业要求,kyp
营销二维码,kyp
资金池适合什么客户,kyp
招行可以办理公积金账户嘛,kyp
结算类产品有哪些,kyp
在哪里查询对公埋点方案,kyp
薪福通人事板块,kyp
薪福通人事板块的的营销话术,kyp
在哪里查询对公埋点方案,kyp
小微企业优惠政策,kyp
小微企业优惠政策,kyp
集团网银线上开通,kyp
薪福通电子工资单优点,kyp
开立流程,kyp
如何办理通知存款,kyp
信用证议付与福费廷区别,kyp
特色存款如何查看,kyp
商票网银提示收票经办操作流程,kyp
商票网银提示收票经办操作流程,kyp
网银如何设置单人收票,kyp
特色存款如何查看,kyp
信保贷需要什么材料,kyp
特色存款如何查看,kyp
开证流程,kyp
网银如何设置单人收票,kyp
托管+开通,kyp
商票网银提示收票经办操作流程,kyp
商票网银提示收票经办操作流程,kyp
优点,kyp
操作,kyp
内容和如何开通,kyp
开证流程,kyp
薪福通花名册导入,kyp
薪福通花名册导入,kyp
特色存款如何查看,kyp
如何在网银上开发票,kyp
网银上如何开发票,kyp
网银上如何开发票,kyp
发票云的功能,kyp
新福通关联多少个资金来源,lineage_customers_name_quantity
开户情况,lineage_customers_with_cmb
存款利率变化,other
腾讯在我行有多少存款,month_end_deposit_changes
存款利率变化,other
存款利率变化,other
存款利率变化,other
付款代理是不是保理,other
转正日期计算规则,other
小微抵押贷是以个人名义吗？,other
调额,other
付款代理是不是保理,other
保函修改,other
小微抵押贷是以个人名义吗？,other
资信证明,other
转正日期计算规则,other
调额,other
企业网银支付限额调整,other
网银支付限额修改,other
客户如何打印有红章的流水,other
客户如何打印有红章的流水,other
网银支付限额修改,other
打印流水,other
支付密码,other
保函修改,other
打印流水,other
支付密码,other
网银支付的收费标准,other
网银支付的收费标准,other
从他行账户划款支付,other
从他行账户划款支付,other
打印有红章的流水,other
资信证明,other
他行卡可以查看电子工资单吗,other
授信,other
通知存款利率,other
云密码,other
协定,other
代发协议限额条款,other
招捷贷利率,other
招捷贷利率,other
代发协议限额条款,other
开立全额保函一笔业务可以开立多个保证金账户嘛,other
开立全额保函一笔业务可以开立多个保证金账户嘛,other
电子工资单支持他行卡工资单查询吗,other
电子工资单支持他行卡工资单查询吗,other
电子工资单支持他行卡工资单查询吗,other
手机APP签订代发协议,other
手机APP签订代发协议,other
他行卡可以查看电子工资单吗,other
协定,other
授信,other
通知存款利率,other
腾讯账户有多少,customer_deposits
开证,other
电子工资单支持他行卡工资单查询吗,other
回单打印在哪里操作？,other
打印回单,other
打印回单,other
掌上新福通支持付款吗,other
掌上新福通支持付款吗,other
特色存款调整方式,other
掌上薪福通支持付款吗？,other
特色存款调整方式,other
掌上薪福通支持付款吗？,other
征信授权查询,other
征信授权查询,other
腾讯账户有多少,other
协定存款如何查看,other
协定存款如何查看,other
回单打印在哪里操作？,other
企业网银支付限额调整,other
利率额度,other
登陆证书失效怎么更新,other
登陆证书失效怎么更新,other
登陆证书失效怎么更新,other
登陆证书失效怎么更新,other
人工客服,chitchat
科创贷利率,other
人工,chitchat
更改代发协议类型,other
手机网银可以发工资吗,other
证书失效,other
手机网银可以发工资吗,other
对公有结售汇额度限制么,other
对公账户有结售汇额度限制么,other
更改代发协议类型,other
代发类型是其他的能备注工资吗,other
代发类型是其他的能备注工资吗,other
企业网银上如何进入“缴税（费）账户账号”页面,other
对公账户有结售汇额度限制么,other
薪福通发工资密码怎么修改,other
薪福通发工资密码怎么修改,other
对公有结售汇额度限制么,other
人工,other
证书失效,other
验证码怎么获取,other
你能告诉我招行客服电话么？,other
网银查询已开立的银行承兑汇票,other
网银查询已开立的银行承兑汇票,other
2023对公存款利率变化，活期，七天通知，协定,other
2023对公存款利率变化，活期，七天通知，协定,other
在线更新证件,other
在线更新证件,other
利率额度,other
网银权限调整,other
开户二维码,other
变更支付联系人,other
你能告诉我招行客服电话么？,other
网银线上查询企业征信,other
网银线上查询企业征信,other
开户二维码,other
网银权限调整,other
科创贷利率,other
二维码,other
二维码,other
验证码怎么获取,other
变更支付联系人,other
企业网银上如何进入“缴税（费）账户账号”页面,other
是的,positive
准入,positive
是,positive
对,positive
是的,positive
是的,positive
是的,positive
是,positive
是,positive
是,positive
对,positive
是的,positive
是的,positive
是的,positive
是的,positive
对,positive
是,positive
是,positive
是,positive
是的,positive
是的,positive
是的,positive
是,positive
给中建四局推荐什么产品,product_rec
推荐产品,product_rec
比亚迪股份有限公司营销方案,product_rec
给中建四局推荐什么产品,product_rec
给中建四局推荐什么产品,product_rec
天域半导体如何服务,product_rec
给中建四局推荐什么产品,product_rec
给美团公司推荐什么产品,product_rec
适合推荐什么产品啊,product_rec
给成都建工推荐什么产品,product_rec
适合给该公司推荐什么产品,product_rec
一键一结一购,slot_filling
医保贷,slot_filling
信保贷,slot_filling
那华为呢,slot_filling
即期信用证,slot_filling
比亚迪呢,slot_filling
薪福通代发,slot_filling
科创贷,slot_filling
财资管理云,slot_filling
协定存款,slot_filling
天域半导体公司,slot_filling
聚合收款,slot_filling
特色存款,slot_filling
osa账户网银购买美元定期存款,slot_filling
薪福通,slot_filling
招捷贷,slot_filling
招企贷,slot_filling
科创贷,slot_filling
保理,slot_filling
全额保证金闪电开,slot_filling
密码云,slot_filling
聚合支付,slot_filling
企业app,slot_filling
财资云,slot_filling
财资云,slot_filling
灵工有招,slot_filling
国内信用证,slot_filling
比亚迪,slot_filling
比亚迪股份有限公司,slot_filling
国标 维护,slot_filling
票据大管家,slot_filling
聚合,slot_filling
组合存款,slot_filling
集团代发,slot_filling
网上企业银行,slot_filling
国际贸易融资,slot_filling
代发明细对账单,slot_filling
开发票,slot_filling
成都xx公司智慧通知存款,slot_filling
网银更新,other
腾讯科技,slot_filling
小微抵押贷,slot_filling
通知存款,slot_filling
人工服务,chitchat
自助结汇,slot_filling
科创贷,slot_filling
比亚迪,slot_filling
网上企业银行,slot_filling
E餐通,slot_filling
自助寄单,slot_filling
财资管理云,slot_filling
企业数字化,slot_filling
集团网银,slot_filling
科创贷,slot_filling
成都建工,slot_filling
企业收银台标准版,slot_filling
单位通知存款便携通知,slot_filling
全行服务一家,slot_filling
融资性保函,slot_filling
网银更新,other
短信通知,slot_filling
余额短信通知,slot_filling
网银企业银行,slot_filling
项目贷款,slot_filling
供应链n端,slot_filling
融资,slot_filling
供应链n端融资,slot_filling
招捷贷,slot_filling
付款代理,slot_filling
单人收票,slot_filling
比亚迪,slot_filling
比亚迪股份有限公司,slot_filling
智慧党建,slot_filling
闪电贷,slot_filling
保函,slot_filling
保函闪电开,slot_filling
交易通分账版,slot_filling
比亚迪,slot_filling
保函,slot_filling
薪福通企业收款,kyp
比亚迪的上下游企业,top_5_partners
招行的下游公司有哪些,top_5_partners
招企贷是什么,kyp|basic_profile
新网银行的基本信息,basic_profile
新网银行是干啥的,basic_profile
招商银行的存款,basic_profile